asset_id,asset_name,travel_seconds,travel_time_str,stopped_seconds,stopped_time_str,proyecto,ec,fecha_procesamiento
281474987900844,DC02,28156,7:49:16,0,0:00:00,Mabe,EC-10,2026-10-02
281474987973981,1963,5134,1:25:34,72791,20:13:11,Walmart Sencillo ,EC-08,2026-10-02
281474987975417,1965,40238,11:10:38,65589,18:13:09,Circuitos,EC-03,2026-10-02
281474987987891,2264,26652,7:24:12,79619,22:06:59,Meli Dedicado SD06,EC-06,2026-10-02
281474987987892,1848,15947,4:25:47,98758,"1 day, 3:25:58",Sayer Sencillo,EC-04,2026-10-02
281474988823213,1997,0,0:00:00,108997,"1 day, 6:16:37",MeLi Dedicado TD05,EC-05,2026-10-02
281474989884203,1976,7871,2:11:11,92593,"1 day, 1:43:13",Mabe Componentes,EC-10,2026-10-02
281474989884265,2273,40454,11:14:14,54778,15:12:58,Meli Dedicado SD06,EC-06,2026-10-02
281474989885039,1978,43446,12:04:06,25780,7:09:40,,,2026-10-02
281474989886528,1990,25498,7:04:58,69957,19:25:57,Mabe Bundy,EC-10,2026-10-02
281474989886549,1985,924,0:15:24,106478,"1 day, 5:34:38",Mabe Loyalty,EC-10,2026-10-02
281474989888939,1986,0,0:00:00,108997,"1 day, 6:16:37",Walmart Sencillo ,EC-08,2026-10-02
281474989888951,1988,0,0:00:00,108997,"1 day, 6:16:37",Available EC-10,EC-10,2026-10-02
281474989890270,1989,7004,1:56:44,91519,"1 day, 1:25:19",Walmart Sencillo ,EC-08,2026-10-02
281474989890287,2223,0,0:00:00,108997,"1 day, 6:16:37",Pilgrims Tepo,EC-02,2026-10-02
281474989891212,1981,2631,0:43:51,103660,"1 day, 4:47:40",Circuitos,EC-03,2026-10-02
281474989898971,1983,0,0:00:00,108997,"1 day, 6:16:37",Walmart Sencillo ,EC-08,2026-10-02
281474989898987,1987,14854,4:07:34,66586,18:29:46,Walmart Sencillo ,EC-08,2026-10-02
281474989899018,1984,8396,2:19:56,67592,18:46:32,Walmart Sencillo ,EC-08,2026-10-02
281474989899647,1982,1433,0:23:53,107563,"1 day, 5:52:43",Circuitos,EC-03,2026-10-02
281474989962512,1979,34477,9:34:37,57639,16:00:39,Conductores,EC-10,2026-10-02
281474990645289,1991,38461,10:41:01,39592,10:59:52,Meli Dedicado SD06,EC-06,2026-10-02
281474990645485,1992,12028,3:20:28,85460,23:44:20,MeLi Dedicado SD05,EC-05,2026-10-02
281474990645759,1993,0,0:00:00,108997,"1 day, 6:16:37",Meli Dedicado SD06,EC-06,2026-10-02
281474990645903,1994,74826,20:47:06,15969,4:26:09,MeLi Dedicado SD05,EC-05,2026-10-02
281474990646406,309,33174,9:12:54,58582,16:16:22,Sayer Thorton,EC-04,2026-10-02
281474990646408,308,14640,4:04:00,80481,22:21:21,Sayer Thorton,EC-04,2026-10-02
281474990795937,1995,71066,19:44:26,30756,8:32:36,Circuitos,EC-03,2026-10-02
281474990796545,1996,38902,10:48:22,25134,6:58:54,MeLi Dedicado SD05,EC-05,2026-10-02
281474990796961,1998,0,0:00:00,108997,"1 day, 6:16:37",Meli Dedicado SD06,EC-06,2026-10-02
281474990797170,1999,76951,21:22:31,12764,3:32:44,MeLi Dedicado SD05,EC-05,2026-10-02
281474990867391,2001,82717,22:58:37,24107,6:41:47,MeLi Dedicado SD05,EC-05,2026-10-02
281474990867791,2002,51982,14:26:22,38765,10:46:05,MeLi Dedicado TD05,EC-05,2026-10-02
281474990989957,2000,54646,15:10:46,31884,8:51:24,MeLi Dedicado TD05,EC-05,2026-10-02
281474991657165,2004,0,0:00:00,108997,"1 day, 6:16:37",MeLi Dedicado TD05,EC-05,2026-10-02
281474991658420,2005,21127,5:52:07,59015,16:23:35,Meli Dedicado SD06,EC-06,2026-10-02
281474991658655,2006,599,0:09:59,106600,"1 day, 5:36:40",MeLi Dedicado TD05,EC-05,2026-10-02
281474991659092,2266,51590,14:19:50,41125,11:25:25,Meli Dedicado SD06,EC-06,2026-10-02
281474991659582,2008 INVESTIGACION ROBO,0,0:00:00,108997,"1 day, 6:16:37",,,2026-10-02
281474991660601,2009,12823,3:33:43,84310,23:25:10,Meli Dedicado SD06,EC-06,2026-10-02
281474991660608,2010,80596,22:23:16,0,0:00:00,MeLi Dedicado TD05,EC-05,2026-10-02
281474991660912,2011,0,0:00:00,108997,"1 day, 6:16:37",Meli Dedicado SD06,EC-06,2026-10-02
281474991661359,2012,68148,18:55:48,20894,5:48:14,Sayer Vuelteros,EC-04,2026-10-02
281474991791631,1783,0,0:00:00,108997,"1 day, 6:16:37",Available EC-08,EC-08,2026-10-02
281474991791649,DC06,5507,1:31:47,77767,21:36:07,Sayer Patios y T.,EC-04,2026-10-02
281474991791654,2035,0,0:00:00,108997,"1 day, 6:16:37",,,2026-10-02
281474991791660,2037,0,0:00:00,108997,"1 day, 6:16:37",,,2026-10-02
281474991791668,2237,3635,1:00:35,96611,"1 day, 2:50:11",MeLi Dedicado SD05,EC-05,2026-10-02
281474991791673,2047,0,0:00:00,108997,"1 day, 6:16:37",,,2026-10-02
281474991791684,1856,57862,16:04:22,0,0:00:00,,,2026-10-02
281474991791688,2044,3766,1:02:46,105230,"1 day, 5:13:50",,,2026-10-02
281474991791694,2043,58391,16:13:11,0,0:00:00,Liverpool Local,EC-01,2026-10-02
281474991791705,2042,54215,15:03:35,13918,3:51:58,Liverpool Local,EC-01,2026-10-02
281474991791707,2041,30698,8:31:38,58835,16:20:35,Walmart Sencillo SC,EC-08,2026-10-02
281474991791714,2038,0,0:00:00,108997,"1 day, 6:16:37",Liverpool Local,EC-01,2026-10-02
281474991791724,2040,0,0:00:00,108997,"1 day, 6:16:37",,,2026-10-02
281474991825060,2039,0,0:00:00,108997,"1 day, 6:16:37",,,2026-10-02
281474991825063,2016,33024,9:10:24,65614,18:13:34,MeLi Dedicado SD05,EC-05,2026-10-02
281474991825066,1822,10834,3:00:34,75995,21:06:35,Sayer Full,EC-04,2026-10-02
281474991854210,2015,72068,20:01:08,14448,4:00:48,MeLi Dedicado TD05,EC-05,2026-10-02
281474991854218,2013,15238,4:13:58,93673,"1 day, 2:01:13",Meli Dedicado SD06,EC-06,2026-10-02
281474991854223,2021,18869,5:14:29,87691,"1 day, 0:21:31",Meli Dedicado SD06,EC-06,2026-10-02
281474991854231,2020,64484,17:54:44,35763,9:56:03,MeLi Dedicado TD05,EC-05,2026-10-02
281474991854244,2019,39810,11:03:30,58163,16:09:23,MeLi Dedicado TD05,EC-05,2026-10-02
281474991854250,2018,0,0:00:00,108997,"1 day, 6:16:37",MeLi Dedicado TD05,EC-05,2026-10-02
281474991854253,2022,0,0:00:00,108997,"1 day, 6:16:37",MeLi Dedicado TD05,EC-05,2026-10-02
281474991854257,2014,0,0:00:00,108997,"1 day, 6:16:37",MeLi Dedicado SD05,EC-05,2026-10-02
281474991854260,2017,0,0:00:00,108997,"1 day, 6:16:37",MeLi Dedicado TD05,EC-05,2026-10-02
281474991958375,2222,55310,15:21:50,14354,3:59:14,Pilgrims Tepo,EC-02,2026-10-02
281474991958394,2224,50872,14:07:52,12497,3:28:17,Pilgrims Tepo,EC-02,2026-10-02
281474991958397,2055,0,0:00:00,108997,"1 day, 6:16:37",Patieros Crisa,EC-10,2026-10-02
281474991958401,2050,5385,1:29:45,26983,7:29:43,Patieros Crisa,EC-10,2026-10-02
281474991958407,2056,63834,17:43:54,0,0:00:00,Liverpool Local,EC-01,2026-10-02
281474991958413,2212,40755,11:19:15,14198,3:56:38,Walmart Full SC,EC-08,2026-10-02
281474991958417,2058,54420,15:07:00,0,0:00:00,Liverpool Local,EC-01,2026-10-02
281474991958419,2061,52929,14:42:09,13965,3:52:45,Liverpool Local,EC-01,2026-10-02
281474991958426,2207,36859,10:14:19,49580,13:46:20,Wm Backhaul,EC-08,2026-10-02
281474991958434,2053,0,0:00:00,108997,"1 day, 6:16:37",,,2026-10-02
281474991958435,2210,12867,3:34:27,74574,20:42:54,Walmart Full SC,EC-08,2026-10-02
281474991958437,2301,80042,22:14:02,12947,3:35:47,MeLi Dedicado TD05,EC-05,2026-10-02
281474991958438,2217,57900,16:05:00,38867,10:47:47,Walmart Full SC,EC-08,2026-10-02
281474991958444,2033,0,0:00:00,108997,"1 day, 6:16:37",,,2026-10-02
281474991958478,2032,0,0:00:00,108997,"1 day, 6:16:37",,,2026-10-02
281474992145471,2003,63164,17:32:44,20229,5:37:09,Meli Dedicado SD06,EC-06,2026-10-02
281474992145477,2023,34709,9:38:29,65858,18:17:38,MeLi Dedicado TD05,EC-05,2026-10-02
281474992145480,2024,22894,6:21:34,60849,16:54:09,Meli Dedicado SD06,EC-06,2026-10-02
281474992145481,2025,40515,11:15:15,64862,18:01:02,Meli Dedicado SD06,EC-06,2026-10-02
281474992145486,2026,6642,1:50:42,89722,"1 day, 0:55:22",MeLi Dedicado SD05,EC-05,2026-10-02
281474992145490,2027,42177,11:42:57,43393,12:03:13,MeLi Dedicado TD05,EC-05,2026-10-02
281474992145493,2028,188,0:03:08,108809,"1 day, 6:13:29",MeLi Dedicado TD05,EC-05,2026-10-02
281474992145495,2029,28918,8:01:58,50816,14:06:56,Meli Dedicado SD06,EC-06,2026-10-02
281474992145496,2030,75515,20:58:35,18468,5:07:48,Meli Dedicado SD06,EC-06,2026-10-02
281474992145499,2031,20319,5:38:39,75540,20:59:00,Meli Dedicado TD06,EC-06,2026-10-02
281474992145581,2205,2593,0:43:13,100708,"1 day, 3:58:28",Wm Backhaul,EC-08,2026-10-02
281474992182371,2229,58550,16:15:50,17266,4:47:46,Pilgrims Tepo,EC-02,2026-10-02
281474992182385,2065,17362,4:49:22,67378,18:42:58,Walmart Sencillo SC,EC-08,2026-10-02
281474992182402,1748,0,0:00:00,108997,"1 day, 6:16:37",Available EC-01,EC-01,2026-10-02
281474992182406,2075,8693,2:24:53,100020,"1 day, 3:47:00",Walmart Sencillo SC,EC-08,2026-10-02
281474992182427,2088,217,0:03:37,108779,"1 day, 6:12:59",,,2026-10-02
281474992182428,2206,42987,11:56:27,46099,12:48:19,Wm Backhaul,EC-08,2026-10-02
281474992182440,2221,31599,8:46:39,64815,18:00:15,Conductores Full,EC-10,2026-10-02
281474992182444,2208,20496,5:41:36,62009,17:13:29,Wm Backhaul,EC-08,2026-10-02
281474992182446,2076,0,0:00:00,108997,"1 day, 6:16:37",Crisa,EC-10,2026-10-02
281474992182457,2086,388,0:06:28,106651,"1 day, 5:37:31",,,2026-10-02
281474992182470,2230,43701,12:08:21,37558,10:25:58,Pilgrims Tepo,EC-02,2026-10-02
281474992182477,2211,0,0:00:00,108997,"1 day, 6:16:37",Walmart Full SC,EC-08,2026-10-02
281474992182486,2084,0,0:00:00,108997,"1 day, 6:16:37",Walmart Sencillo SC,EC-08,2026-10-02
281474992182494,2083,6857,1:54:17,95443,"1 day, 2:30:43",Walmart Sencillo ,EC-08,2026-10-02
281474992182506,2220,0,0:00:00,108997,"1 day, 6:16:37",Conductores Full,EC-10,2026-10-02
281474992182520,2080,19653,5:27:33,62287,17:18:07,Patieros Crisa,EC-10,2026-10-02
281474992182524,2085,0,0:00:00,108997,"1 day, 6:16:37",Walmart Sencillo SC,EC-08,2026-10-02
281474992182530,2240,58711,16:18:31,39523,10:58:43,MeLi Dedicado TD05,EC-05,2026-10-02
281474992182531,G7NZ-A2B-7VB - AVL,0,0:00:00,108997,"1 day, 6:16:37",,,2026-10-02
281474992182545,2203,39983,11:06:23,38757,10:45:57,Wm Backhaul,EC-08,2026-10-02
281474992469605,1868,0,0:00:00,108997,"1 day, 6:16:37",Conductores,EC-10,2026-10-02
281474992469607,1826,0,0:00:00,108997,"1 day, 6:16:37",Walmart Full,EC-08,2026-10-02
281474992469610,1814,36583,10:09:43,58360,16:12:40,Walmart Sencillo ,EC-08,2026-10-02
281474992469615,1817,0,0:00:00,108997,"1 day, 6:16:37",Liverpool Local,EC-01,2026-10-02
281474992469617,1737,0,0:00:00,108997,"1 day, 6:16:37",,,2026-10-02
281474992469629,1803,0,0:00:00,108997,"1 day, 6:16:37",Wm Backhaul,EC-08,2026-10-02
281474992469632,G2TG-GYY-MKZ,0,0:00:00,108997,"1 day, 6:16:37",,,2026-10-02
281474992469633,2284,10660,2:57:40,89998,"1 day, 0:59:58",Mabe Componentes,EC-10,2026-10-02
281474992469644,TT01,0,0:00:00,108997,"1 day, 6:16:37",Sayer Patios y T.,EC-04,2026-10-02
281474992469649,1867,37810,10:30:10,31091,8:38:11,,,2026-10-02
281474992469651,2231,56841,15:47:21,16664,4:37:44,Pilgrims Tepo,EC-02,2026-10-02
281474992469663,2290,36310,10:05:10,57306,15:55:06,Conductores,EC-10,2026-10-02
281474992469666,2245,28436,7:53:56,69904,19:25:04,Circuitos,EC-03,2026-10-02
281474992469667,1726,0,0:00:00,108997,"1 day, 6:16:37",,,2026-10-02
281474992469697,GPHS-GCK-5KM,0,0:00:00,108997,"1 day, 6:16:37",,,2026-10-02
281474992469698,1813,38489,10:41:29,59888,16:38:08,Walmart Full SC,EC-08,2026-10-02
281474992469706,2258,80081,22:14:41,12455,3:27:35,Meli Dedicado TD06,EC-06,2026-10-02
281474992469708,1769,0,0:00:00,108997,"1 day, 6:16:37",,,2026-10-02
281474992469714,1816,0,0:00:00,108997,"1 day, 6:16:37",Walmart Full SC,EC-08,2026-10-02
281474992469715,G79U-NTG-397 - TMA- TGZ,0,0:00:00,108997,"1 day, 6:16:37",,,2026-10-02
281474992469725,2226,55149,15:19:09,17620,4:53:40,Pilgrims Tepo,EC-02,2026-10-02
281474992469727,2285,65723,18:15:23,26255,7:17:35,Conductores,EC-10,2026-10-02
281474992469748,2282,52447,14:34:07,13193,3:39:53,Mabe Loyalty,EC-10,2026-10-02
281474992469751,2275,746,0:12:26,106626,"1 day, 5:37:06",Pipas,EC-02,2026-10-02
281474992469755,2296,0,0:00:00,108997,"1 day, 6:16:37",MeLi Dedicado TD05,EC-05,2026-10-02
281474992469756,1755,0,0:00:00,108997,"1 day, 6:16:37",,,2026-10-02
281474992469759,1969,0,0:00:00,108997,"1 day, 6:16:37",Sayer Sencillo,EC-04,2026-10-02
281474992469767,1723,0,0:00:00,108997,"1 day, 6:16:37",Available EC-08,EC-08,2026-10-02
281474992469770,2239,37402,10:23:22,55464,15:24:24,Meli Dedicado TD06,EC-06,2026-10-02
281474992469773,1824,51054,14:10:54,14565,4:02:45,Liverpool Local,EC-01,2026-10-02
281474992469775,1797,41390,11:29:50,55949,15:32:29,Walmart Sencillo SC,EC-08,2026-10-02
281474992469778,2300,39825,11:03:45,53745,14:55:45,MeLi Dedicado TD05,EC-05,2026-10-02
281474992469782,GR36-T2A-47U,0,0:00:00,108997,"1 day, 6:16:37",,,2026-10-02
281474992469783,1763,0,0:00:00,108997,"1 day, 6:16:37",,,2026-10-02
281474992469804,1921,16825,4:40:25,46772,12:59:32,Crisa,EC-10,2026-10-02
281474992469806,2281,0,0:00:00,108997,"1 day, 6:16:37",Pasa,EC-02,2026-10-02
281474992469809,2108,0,0:00:00,108997,"1 day, 6:16:37",,,2026-10-02
281474992469813,1739,0,0:00:00,108997,"1 day, 6:16:37",,,2026-10-02
281474992469820,2232,44307,12:18:27,20157,5:35:57,Pilgrims Tepo,EC-02,2026-10-02
281474992469825,1973,44234,12:17:14,14411,4:00:11,Pilgrims Tepo,EC-02,2026-10-02
281474992470880,1770,0,0:00:00,108997,"1 day, 6:16:37",,,2026-10-02
281474992470884,S/E - GYUW-SD8-9YP,0,0:00:00,108997,"1 day, 6:16:37",,,2026-10-02
281474992622144,1971 Investigación ROBO,0,0:00:00,108997,"1 day, 6:16:37",,,2026-10-02
281474992622147,2209,57972,16:06:12,27073,7:31:13,Wm Backhaul,EC-08,2026-10-02
281474992622156,2082,345,0:05:45,106782,"1 day, 5:39:42",,,2026-10-02
281474992622166,2228,52482,14:34:42,22232,6:10:32,Pilgrims Tepo,EC-02,2026-10-02
281474992622174,2218,46615,12:56:55,25674,7:07:54,Walmart Full SC,EC-08,2026-10-02
281474992622180,2074,29143,8:05:43,72995,20:16:35,Walmart Sencillo SC,EC-08,2026-10-02
281474992622184,2090,0,0:00:00,108997,"1 day, 6:16:37",,,2026-10-02
281474992622621,2225,70555,19:35:55,0,0:00:00,Pilgrims Tepo,EC-02,2026-10-02
281474993468689,2091,4027,1:07:07,95314,"1 day, 2:28:34",,,2026-10-02
281474993469134,2093,23097,6:24:57,80061,22:14:21,Walmart Sencillo ,EC-08,2026-10-02
281474993469892,2094,70,0:01:10,108926,"1 day, 6:15:26",,,2026-10-02
281474993470325,2095,1732,0:28:52,101029,"1 day, 4:03:49",,,2026-10-02
281474993470574,2213,23551,6:32:31,71466,19:51:06,Walmart Full SC,EC-08,2026-10-02
281474993470849,2097,79,0:01:19,108918,"1 day, 6:15:18",,,2026-10-02
281474993471558,2293,66298,18:24:58,17611,4:53:31,Conductores,EC-10,2026-10-02
281474993495847,1859,0,0:00:00,108997,"1 day, 6:16:37",,,2026-10-02
281474993495851,2105,0,0:00:00,108997,"1 day, 6:16:37",,,2026-10-02
281474993495856,2109,0,0:00:00,108997,"1 day, 6:16:37",,,2026-10-02
281474993495859,DISPONIBLE VZP,0,0:00:00,108997,"1 day, 6:16:37",,,2026-10-02
281474993495861,2098,1923,0:32:03,87213,"1 day, 0:13:33",,,2026-10-02
281474993495862,1861,0,0:00:00,108997,"1 day, 6:16:37",Walmart Sencillo ,EC-08,2026-10-02
281474993495864,2215,28462,7:54:22,61936,17:12:16,Walmart Full SC,EC-08,2026-10-02
281474993495866,2107,16897,4:41:37,75920,21:05:20,Walmart Sencillo ,EC-08,2026-10-02
281474993495869,2106,39165,10:52:45,48365,13:26:05,Walmart Sencillo ,EC-08,2026-10-02
281474993495876,2227,52028,14:27:08,0,0:00:00,Pilgrims Tepo,EC-02,2026-10-02
281474993495879,2101,0,0:00:00,108997,"1 day, 6:16:37",,,2026-10-02
281474993495881,2150,86907,"1 day, 0:08:27",0,0:00:00,Meli Dedicado TD06,EC-06,2026-10-02
281474993495884,2113,54879,15:14:39,38665,10:44:25,Sayer Sencillo,EC-04,2026-10-02
281474994424626,2118,9990,2:46:30,82472,22:54:32,Sayer Sencillo,EC-04,2026-10-02
281474994484167,2117,2791,0:46:31,103840,"1 day, 4:50:40",Sayer Sencillo,EC-04,2026-10-02
281474994499132,2120,30344,8:25:44,77155,21:25:55,Sayer Sencillo,EC-04,2026-10-02
281474994511214,2129,37957,10:32:37,53579,14:52:59,Liverpool Full,EC-01,2026-10-02
281474994511222,2116,40326,11:12:06,51565,14:19:25,INTERNACIONAL,EC-10,2026-10-02
281474994511228,2123,2111,0:35:11,106153,"1 day, 5:29:13",Circuitos,EC-03,2026-10-02
281474994511232,2128,66197,18:23:17,14210,3:56:50,Liverpool Full,EC-01,2026-10-02
281474994511235,2114,0,0:00:00,108997,"1 day, 6:16:37",Sayer Vuelteros,EC-04,2026-10-02
281474994511241,2137,71424,19:50:24,29262,8:07:42,Sayer Full,EC-04,2026-10-02
281474994511248,2121,46974,13:02:54,50875,14:07:55,Circuitos,EC-03,2026-10-02
281474994511255,2134,0,0:00:00,108997,"1 day, 6:16:37",Circuitos,EC-03,2026-10-02
281474994511500,1974,40080,11:08:00,54042,15:00:42,Walmart Sencillo ,EC-08,2026-10-02
281474994511507,1964,23561,6:32:41,73778,20:29:38,Walmart Sencillo ,EC-08,2026-10-02
281474994511525,1961,13752,3:49:12,87250,"1 day, 0:14:10",Walmart Sencillo ,EC-08,2026-10-02
281474994511527,1960,0,0:00:00,108997,"1 day, 6:16:37",Conductores,EC-10,2026-10-02
281474994511531,1957,22539,6:15:39,72099,20:01:39,Sayer Sencillo,EC-04,2026-10-02
281474994511533,1956,14929,4:08:49,88038,"1 day, 0:27:18",Sayer Sencillo,EC-04,2026-10-02
281474994511539,1954,26899,7:28:19,76656,21:17:36,Walmart Sencillo ,EC-08,2026-10-02
281474994511546,1953,30734,8:32:14,56228,15:37:08,Circuitos,EC-03,2026-10-02
281474994511553,1952,0,0:00:00,108997,"1 day, 6:16:37",Circuitos,EC-03,2026-10-02
281474994511556,1951,27395,7:36:35,56982,15:49:42,Sayer Sencillo,EC-04,2026-10-02
281474994511558,1950,0,0:00:00,108997,"1 day, 6:16:37",Meli Dedicado SD06,EC-06,2026-10-02
281474994511562,1949,47036,13:03:56,43320,12:02:00,MeLi Dedicado SD05,EC-05,2026-10-02
281474994511566,1946,33589,9:19:49,62405,17:20:05,Circuitos,EC-03,2026-10-02
281474994511571,1945,6650,1:50:50,93755,"1 day, 2:02:35",MeLi Dedicado SD05,EC-05,2026-10-02
281474994511575,1944,27380,7:36:20,66954,18:35:54,MeLi Dedicado TD05,EC-05,2026-10-02
281474994531419,2115,47955,13:19:15,52473,14:34:33,Sayer Sencillo,EC-04,2026-10-02
281474994531906,2132,42279,11:44:39,58857,16:20:57,Liverpool Full,EC-01,2026-10-02
281474994531981,2133,67704,18:48:24,45623,12:40:23,Circuitos,EC-03,2026-10-02
281474994585280,DAÑADO SDD,0,0:00:00,108997,"1 day, 6:16:37",,,2026-10-02
281474994747511,DC05,11223,3:07:03,44219,12:16:59,Mabe,EC-10,2026-10-02
281474994774862,1896,58221,16:10:21,0,0:00:00,Liverpool Local,EC-01,2026-10-02
281474994774927,1869,0,0:00:00,108997,"1 day, 6:16:37",Circuitos,EC-03,2026-10-02
281474994774987,2274,5626,1:33:46,100244,"1 day, 3:50:44",Meli Dedicado SD06,EC-06,2026-10-02
281474994775016,1886,43961,12:12:41,52532,14:35:32,Circuitos,EC-03,2026-10-02
281474994775032,2265,38873,10:47:53,39815,11:03:35,Meli Dedicado SD06,EC-06,2026-10-02
281474994775042,1891,33544,9:19:04,33701,9:21:41,Patieros Sucursal,EC-03,2026-10-02
281474994775045,1834,14822,4:07:02,74405,20:40:05,Walmart Full SC,EC-08,2026-10-02
281474994775049,1975,70314,19:31:54,22311,6:11:51,Circuitos,EC-03,2026-10-02
281474994775053,2255,45023,12:30:23,39914,11:05:14,MeLi Dedicado SD05,EC-05,2026-10-02
281474994775064,2139,41977,11:39:37,28630,7:57:10,Circuitos,EC-03,2026-10-02
281474994775069,DAÑADO PUT,0,0:00:00,108997,"1 day, 6:16:37",,,2026-10-02
281474994775075,2135,29394,8:09:54,71701,19:55:01,Circuitos,EC-03,2026-10-02
281474994775079,1943,32381,8:59:41,69732,19:22:12,Circuitos,EC-03,2026-10-02
281474994775088,2130,0,0:00:00,108997,"1 day, 6:16:37",Liverpool Full,EC-01,2026-10-02
281474994775090,2286,65013,18:03:33,12620,3:30:20,Conductores,EC-10,2026-10-02
281474994775095,1835,0,0:00:00,108997,"1 day, 6:16:37",Conductores Full,EC-10,2026-10-02
281474994775096,2140,55122,15:18:42,23472,6:31:12,Liverpool Full,EC-01,2026-10-02
281474994775110,2234,76971,21:22:51,18615,5:10:15,MeLi Dedicado SD05,EC-05,2026-10-02
281474994775112,2127,41892,11:38:12,39309,10:55:09,Liverpool Full,EC-01,2026-10-02
281474994775119,1942,12666,3:31:06,86842,"1 day, 0:07:22",Walmart Sencillo ,EC-08,2026-10-02
281474994775121,2119,43571,12:06:11,47511,13:11:51,Circuitos,EC-03,2026-10-02
281474994775131,2295,72085,20:01:25,26434,7:20:34,MeLi Dedicado TD05,EC-05,2026-10-02
281474994775141,2126,42049,11:40:49,45981,12:46:21,Liverpool Full,EC-01,2026-10-02
281474994775142,2131,24570,6:49:30,81690,22:41:30,Liverpool Full,EC-01,2026-10-02
281474994775147,1857,46568,12:56:08,14869,4:07:49,Liverpool Local,EC-01,2026-10-02
281474994775149,2138,31790,8:49:50,70370,19:32:50,Circuitos,EC-03,2026-10-02
281474994775153,1972,33229,9:13:49,49878,13:51:18,INTERNACIONAL,EC-10,2026-10-02
281474994775191,1858,54969,15:16:09,0,0:00:00,Liverpool Local,EC-01,2026-10-02
281474994775229,1786,0,0:00:00,108997,"1 day, 6:16:37",Conductores Full,EC-10,2026-10-02
281474994775239,GKEM-B9S-MN6,0,0:00:00,108997,"1 day, 6:16:37",,,2026-10-02
281474994775245,2136,15137,4:12:17,86901,"1 day, 0:08:21",Patieros Sucursal,EC-03,2026-10-02
281474994775287,1932,425,0:07:05,108289,"1 day, 6:04:49",Circuitos,EC-03,2026-10-02
281474994775326,2122,0,0:00:00,108997,"1 day, 6:16:37",Circuitos,EC-03,2026-10-02
281474994775336,1874,242,0:04:02,108754,"1 day, 6:12:34",Circuitos,EC-03,2026-10-02
281474994775389,2111,58104,16:08:24,22281,6:11:21,Circuitos,EC-03,2026-10-02
281474994797845,GMZ7-KGM-FAU - AVL,0,0:00:00,108997,"1 day, 6:16:37",,,2026-10-02
281474994985787,2112,0,0:00:00,108997,"1 day, 6:16:37",Circuitos,EC-03,2026-10-02
281474994985795,2125,32767,9:06:07,68967,19:09:27,Liverpool Full,EC-01,2026-10-02
281474994985804,2124,54814,15:13:34,16816,4:40:16,Liverpool Full,EC-01,2026-10-02
281474995520175,1890,0,0:00:00,108997,"1 day, 6:16:37",Circuitos,EC-03,2026-10-02
281474995533718,1909,6123,1:42:03,95209,"1 day, 2:26:49",Circuitos,EC-03,2026-10-02
281474995533817,2141,15318,4:15:18,86624,"1 day, 0:03:44",MeLi Dedicado TD05,EC-05,2026-10-02
281474995533833,2142,23073,6:24:33,66719,18:31:59,MeLi Dedicado TD05,EC-05,2026-10-02
281474995533847,2143,65792,18:16:32,28847,8:00:47,MeLi Dedicado TD05,EC-05,2026-10-02
281474995533856,2144,0,0:00:00,108997,"1 day, 6:16:37",MeLi Dedicado TD05,EC-05,2026-10-02
281474995533866,2145,9740,2:42:20,91670,"1 day, 1:27:50",Meli Dedicado SD06,EC-06,2026-10-02
281474995533876,2146,47555,13:12:35,17329,4:48:49,MeLi Dedicado TD05,EC-05,2026-10-02
281474995533898,2147,43948,12:12:28,58865,16:21:05,MeLi Dedicado SD05,EC-05,2026-10-02
281474995533912,2148,52240,14:30:40,45335,12:35:35,Meli Dedicado SD06,EC-06,2026-10-02
281474995533922,2149,23368,6:29:28,84550,23:29:10,MeLi Dedicado TD05,EC-05,2026-10-02
281474995537654,1877,0,0:00:00,108997,"1 day, 6:16:37",Mabe Componentes,EC-10,2026-10-02
281474995572966,1907,4442,1:14:02,100468,"1 day, 3:54:28",Circuitos,EC-03,2026-10-02
281474995573145,1849,58036,16:07:16,0,0:00:00,,,2026-10-02
281474995575823,1860,38046,10:34:06,45058,12:30:58,,,2026-10-02
281474995637646,1852,0,0:00:00,108997,"1 day, 6:16:37",,,2026-10-02
281474995690099,1906,56837,15:47:17,42894,11:54:54,Circuitos,EC-03,2026-10-02
281474995784118,1933,4271,1:11:11,92135,"1 day, 1:35:35",Circuitos,EC-03,2026-10-02
281474995795853,1892,0,0:00:00,108997,"1 day, 6:16:37",Pilgrims Tepo,EC-02,2026-10-02
281474995803673,1878,0,0:00:00,108997,"1 day, 6:16:37",Circuitos,EC-03,2026-10-02
281474995843716,1875,0,0:00:00,108997,"1 day, 6:16:37",Circuitos,EC-03,2026-10-02
281474995864155,1955,28040,7:47:20,54739,15:12:19,INTERNACIONAL,EC-10,2026-10-02
281474995920010,DC03,10481,2:54:41,53358,14:49:18,Mabe,EC-10,2026-10-02
281474995920024,DC04,26947,7:29:07,0,0:00:00,Mabe,EC-10,2026-10-02
281474995920032,DC08,0,0:00:00,108997,"1 day, 6:16:37",Mabe,EC-10,2026-10-02
281474995920039,1778,0,0:00:00,108997,"1 day, 6:16:37",,,2026-10-02
281474995920264,1970,61326,17:02:06,0,0:00:00,Pilgrims Tepo,EC-02,2026-10-02
281474995920274,1806,0,0:00:00,108997,"1 day, 6:16:37",Walmart Full SC,EC-08,2026-10-02
281474995920283,1897,69857,19:24:17,21142,5:52:22,Liverpool Full,EC-01,2026-10-02
281474995920289,1871,39931,11:05:31,56165,15:36:05,Circuitos,EC-03,2026-10-02
281474995920315,1903,25809,7:10:09,60425,16:47:05,Sayer Pipas,EC-04,2026-10-02
281474995920323,1853,0,0:00:00,108997,"1 day, 6:16:37",Conductores,EC-10,2026-10-02
281474995920333,2152,24753,6:52:33,61941,17:12:21,Walmart Full,EC-08,2026-10-02
281474995920345,DAÑADO FNN,0,0:00:00,108997,"1 day, 6:16:37",,,2026-10-02
281474995920356,1939,0,0:00:00,108997,"1 day, 6:16:37",MeLi Dedicado TD05,EC-05,2026-10-02
281474995920360,1850,0,0:00:00,108997,"1 day, 6:16:37",,,2026-10-02
281474995920428,2326,148,0:02:28,108514,"1 day, 6:08:34",,,2026-10-02
281474995920438,1847,5860,1:37:40,98377,"1 day, 3:19:37",,,2026-10-02
281474995920449,2306,149,0:02:29,108848,"1 day, 6:14:08",Circuitos,EC-03,2026-10-02
281474995920458,2279,58539,16:15:39,39920,11:05:20,Pipas,EC-02,2026-10-02
281474995920466,1929,9023,2:30:23,62475,17:21:15,Crisa,EC-10,2026-10-02
281474995920473,2327,25497,7:04:57,76194,21:09:54,,,2026-10-02
281474995920484,1870,0,0:00:00,108997,"1 day, 6:16:37",Mabe Componentes,EC-10,2026-10-02
281474995920491,1966,12759,3:32:39,90136,"1 day, 1:02:16",Conductores,EC-10,2026-10-02
281474995920509,1968,8758,2:25:58,99942,"1 day, 3:45:42",Sayer Sencillo,EC-04,2026-10-02
281474995920514,1882,24266,6:44:26,75243,20:54:03,Walmart Sencillo ,EC-08,2026-10-02
281474996015420,1865,0,0:00:00,108997,"1 day, 6:16:37",,,2026-10-02
281474996240609,1879,29127,8:05:27,61815,17:10:15,Circuitos,EC-03,2026-10-02
281474996586544,DAÑADO UBX,0,0:00:00,108997,"1 day, 6:16:37",,,2026-10-02
281474996838340,2160,7307,2:01:47,97413,"1 day, 3:03:33",Walmart Full,EC-08,2026-10-02
281474996860691,2163,50069,13:54:29,44230,12:17:10,Walmart Full,EC-08,2026-10-02
281474996982187,DAÑADO PR9,0,0:00:00,108997,"1 day, 6:16:37",,,2026-10-02
281474996989088,1967,36685,10:11:25,47072,13:04:32,Sayer Sencillo,EC-04,2026-10-02
281474997127966,2153,44846,12:27:26,30370,8:26:10,Walmart Full,EC-08,2026-10-02
281474997136982,2157,19837,5:30:37,69444,19:17:24,Walmart Full,EC-08,2026-10-02
281474997150139,2161,0,0:00:00,108997,"1 day, 6:16:37",Walmart Full,EC-08,2026-10-02
281474997174009,2156,19479,5:24:39,67006,18:36:46,Walmart Full,EC-08,2026-10-02
281474997179147,2159,26557,7:22:37,42467,11:47:47,Walmart Full,EC-08,2026-10-02
281474997193625,2158,50195,13:56:35,0,0:00:00,Walmart Full,EC-08,2026-10-02
281474997198745,1796,62477,17:21:17,41570,11:32:50,Conductores Full,EC-10,2026-10-02
281474997198751,2283,48736,13:32:16,39300,10:55:00,Conductores,EC-10,2026-10-02
281474997213260,2155,1193,0:19:53,106582,"1 day, 5:36:22",Walmart Full,EC-08,2026-10-02
281474997219048,2154,48974,13:36:14,42268,11:44:28,Walmart Full,EC-08,2026-10-02
281474997254846,2167,36938,10:15:38,44007,12:13:27,Walmart Full,EC-08,2026-10-02
281474997258825,2166,22718,6:18:38,57039,15:50:39,Walmart Full,EC-08,2026-10-02
281474997270101,2162,26722,7:25:22,61095,16:58:15,Walmart Full,EC-08,2026-10-02
281474997281685,2165,24827,6:53:47,50830,14:07:10,Walmart Full,EC-08,2026-10-02
281474997281699,2171,39291,10:54:51,34977,9:42:57,Walmart Full,EC-08,2026-10-02
281474997281704,2169,27512,7:38:32,56174,15:36:14,Walmart Full,EC-08,2026-10-02
281474997281708,2164,27884,7:44:44,58651,16:17:31,Walmart Full,EC-08,2026-10-02
281474997281710,2170,32406,9:00:06,49384,13:43:04,Walmart Full,EC-08,2026-10-02
281474997281713,2168,45273,12:34:33,21663,6:01:03,Walmart Full,EC-08,2026-10-02
281474997418859,DAÑADO Y5P,0,0:00:00,108997,"1 day, 6:16:37",,,2026-10-02
281474997469586,307,0,0:00:00,108997,"1 day, 6:16:37",Sayer Thorton,EC-04,2026-10-02
281474997494983,1854,0,0:00:00,108997,"1 day, 6:16:37",,,2026-10-02
281474997497313,2176,0,0:00:00,108997,"1 day, 6:16:37",Sayer Vuelteros,EC-04,2026-10-02
281474997497319,2179,46497,12:54:57,34114,9:28:34,Walmart Full SC,EC-08,2026-10-02
281474997497329,2181,21571,5:59:31,64096,17:48:16,Sayer Full,EC-04,2026-10-02
281474997497332,2174,41836,11:37:16,48761,13:32:41,Sayer Sencillo,EC-04,2026-10-02
281474997497335,2178,0,0:00:00,108997,"1 day, 6:16:37",Sayer Full,EC-04,2026-10-02
281474997497545,2175,39475,10:57:55,44363,12:19:23,Sayer Sencillo,EC-04,2026-10-02
281474997497548,2172,44751,12:25:51,38747,10:45:47,Walmart Full,EC-08,2026-10-02
281474997497552,2173,0,0:00:00,108997,"1 day, 6:16:37",Walmart Full SC,EC-08,2026-10-02
281474997497556,2196,53647,14:54:07,17269,4:47:49,MeLi Dedicado TD05,EC-05,2026-10-02
281474997497563,2177,31572,8:46:12,71251,19:47:31,Sayer Full,EC-04,2026-10-02
281474997497833,G3JK-WXW-N4K,0,0:00:00,108997,"1 day, 6:16:37",,,2026-10-02
281474997523344,1812,0,0:00:00,108997,"1 day, 6:16:37",,,2026-10-02
281474997527628,1899,41574,11:32:54,12196,3:23:16,Liverpool Local,EC-01,2026-10-02
281474997544113,1808,0,0:00:00,108997,"1 day, 6:16:37",,,2026-10-02
281474997546570,1934,0,0:00:00,108997,"1 day, 6:16:37",Circuitos,EC-03,2026-10-02
281474997562547,1885,60717,16:51:57,12914,3:35:14,Liverpool Local,EC-01,2026-10-02
281474997597070,1876,0,0:00:00,108997,"1 day, 6:16:37",Circuitos,EC-03,2026-10-02
281474997600649,1833,49704,13:48:24,0,0:00:00,Liverpool Local,EC-01,2026-10-02
281474997601553,1809,57121,15:52:01,0,0:00:00,Liverpool Local,EC-01,2026-10-02
281474997617337,1938,64717,17:58:37,19647,5:27:27,Sayer Vuelteros,EC-04,2026-10-02
281474997621025,2180,0,0:00:00,108997,"1 day, 6:16:37",Sayer Full,EC-04,2026-10-02
281474997706186,1893,0,0:00:00,108997,"1 day, 6:16:37",Liverpool Local,EC-01,2026-10-02
281474997715890,1866,0,0:00:00,108997,"1 day, 6:16:37",Liverpool Local,EC-01,2026-10-02
281474997716273,1837,19155,5:19:15,57161,15:52:41,Liverpool Local,EC-01,2026-10-02
281474997716584,1836,39755,11:02:35,21573,5:59:33,Liverpool Local,EC-01,2026-10-02
281474997716782,2297,69316,19:15:16,28441,7:54:01,MeLi Dedicado TD05,EC-05,2026-10-02
281474997830549,2299,2957,0:49:17,105316,"1 day, 5:15:16",MeLi Dedicado TD05,EC-05,2026-10-02
281474997839680,1902,57886,16:04:46,0,0:00:00,,,2026-10-02
281474997922969,2182,0,0:00:00,108997,"1 day, 6:16:37",Sayer Full,EC-04,2026-10-02
281474997923065,2183,46288,12:51:28,14474,4:01:14,Sayer Full,EC-04,2026-10-02
281474997923082,2184,41291,11:28:11,43298,12:01:38,Walmart Full SC,EC-08,2026-10-02
281474997923086,2185,60564,16:49:24,34860,9:41:00,Sayer Full,EC-04,2026-10-02
281474997923092,2186,18449,5:07:29,88802,"1 day, 0:40:02",Meli Dedicado SD06,EC-06,2026-10-02
281474997923100,2187,0,0:00:00,108997,"1 day, 6:16:37",MeLi Dedicado TD05,EC-05,2026-10-02
281474997923106,2188,72207,20:03:27,21973,6:06:13,MeLi Dedicado SD05,EC-05,2026-10-02
281474997923108,2189,155,0:02:35,108841,"1 day, 6:14:01",MeLi Dedicado TD05,EC-05,2026-10-02
281474997923111,2190,84480,23:28:00,0,0:00:00,MeLi Dedicado TD05,EC-05,2026-10-02
281474997923116,2191,25861,7:11:01,67452,18:44:12,MeLi Dedicado TD05,EC-05,2026-10-02
281474997958803,1807,0,0:00:00,108997,"1 day, 6:16:37",Liverpool Local,EC-01,2026-10-02
281474997991193,1900,43206,12:00:06,39073,10:51:13,Pilgrims Tepo,EC-02,2026-10-02
281474998024516,2007,67510,18:45:10,23930,6:38:50,MeLi Dedicado SD05,EC-05,2026-10-02
281474998031891,1895,0,0:00:00,108997,"1 day, 6:16:37",Sayer Sencillo,EC-04,2026-10-02
281474998056219,1937,58746,16:19:06,18185,5:03:05,INTERNACIONAL,EC-10,2026-10-02
281474998057662,1936,49601,13:46:41,57651,16:00:51,Circuitos,EC-03,2026-10-02
281474998064910,1887,533,0:08:53,100602,"1 day, 3:56:42",Circuitos,EC-03,2026-10-02
281474998064915,1888,38560,10:42:40,34906,9:41:46,Circuitos,EC-03,2026-10-02
281474998065313,1802,223,0:03:43,107958,"1 day, 5:59:18",Liverpool Local,EC-01,2026-10-02
281474998065317,2008,1825,0:30:25,107172,"1 day, 5:46:12",MeLi Dedicado TD05,EC-05,2026-10-02
281474998071059,1884,58046,16:07:26,13140,3:39:00,Liverpool Local,EC-01,2026-10-02
281474998071710,1894,41719,11:35:19,0,0:00:00,,,2026-10-02
281474998071730,1864,49447,13:44:07,14177,3:56:17,Liverpool Local,EC-01,2026-10-02
281474998097010,1851,47149,13:05:49,51793,14:23:13,Circuitos,EC-03,2026-10-02
281474998097686,1880,38378,10:39:38,55289,15:21:29,Patieros Sucursal,EC-03,2026-10-02
281474998118553,1872,0,0:00:00,108997,"1 day, 6:16:37",Circuitos,EC-03,2026-10-02
281474998126755,1947,61076,16:57:56,15262,4:14:22,Circuitos,EC-03,2026-10-02
281474998212219,2257,24059,6:40:59,86868,"1 day, 0:07:48",Meli Dedicado TD06,EC-06,2026-10-02
281474998245984,1959,44922,12:28:42,51199,14:13:19,Liverpool Full,EC-01,2026-10-02
281474998315127,2192,0,0:00:00,108997,"1 day, 6:16:37",MeLi Dedicado TD05,EC-05,2026-10-02
281474998315132,2193,6612,1:50:12,96897,"1 day, 2:54:57",Meli Dedicado SD06,EC-06,2026-10-02
281474998315139,2195,83757,23:15:57,0,0:00:00,MeLi Dedicado TD05,EC-05,2026-10-02
281474998315143,2194,65418,18:10:18,44217,12:16:57,Meli Dedicado TD06,EC-06,2026-10-02
281474998315149,2305,9017,2:30:17,95429,"1 day, 2:30:29",Circuitos,EC-03,2026-10-02
281474998315253,1911,11218,3:06:58,79709,22:08:29,Patieros Crisa,EC-10,2026-10-02
281474998353799,2238,70020,19:27:00,17947,4:59:07,MeLi Dedicado TD05,EC-05,2026-10-02
281474998356020,1948,0,0:00:00,108997,"1 day, 6:16:37",Circuitos,EC-03,2026-10-02
281474998363880,1881,5867,1:37:47,73875,20:31:15,Circuitos,EC-03,2026-10-02
281474998364485,1940,53066,14:44:26,46010,12:46:50,Circuitos,EC-03,2026-10-02
281474998369880,1904,24188,6:43:08,64337,17:52:17,Circuitos,EC-03,2026-10-02
281474998454060,1958,38355,10:39:15,52901,14:41:41,Liverpool Full,EC-01,2026-10-02
281474998484461,2197,46990,13:03:10,43319,12:01:59,MeLi Dedicado SD05,EC-05,2026-10-02
281474998484473,2198,0,0:00:00,108997,"1 day, 6:16:37",MeLi Dedicado TD05,EC-05,2026-10-02
281474998484479,2199,32154,8:55:54,66803,18:33:23,MeLi Dedicado TD05,EC-05,2026-10-02
281474998484495,2201,34492,9:34:52,55027,15:17:07,Meli Dedicado SD06,EC-06,2026-10-02
281474998565022,1912,11976,3:19:36,44373,12:19:33,,,2026-10-02
281474998565036,1919,12216,3:23:36,29776,8:16:16,Crisa,EC-10,2026-10-02
281474998590652,1941,39330,10:55:30,46730,12:58:50,Circuitos,EC-03,2026-10-02
281474998592617,1935,49752,13:49:12,37829,10:30:29,Circuitos,EC-03,2026-10-02
281474998740460,2200,26922,7:28:42,71791,19:56:31,Meli Dedicado SD06,EC-06,2026-10-02
281474998787652,1873,31048,8:37:28,51777,14:22:57,Patieros Sucursal,EC-03,2026-10-02
281474998810190,1780,0,0:00:00,108997,"1 day, 6:16:37",,,2026-10-02
281474998827367,1931,3664,1:01:04,103941,"1 day, 4:52:21",Circuitos,EC-03,2026-10-02
281474998846276,2272,42552,11:49:12,44705,12:25:05,MeLi Dedicado TD05,EC-05,2026-10-02
281474998858934,1863,0,0:00:00,108997,"1 day, 6:16:37",Liverpool Local,EC-01,2026-10-02
281474998865971,1898,49597,13:46:37,13235,3:40:35,Liverpool Local,EC-01,2026-10-02
281474998887517,1901,36226,10:03:46,52895,14:41:35,Pipas,EC-02,2026-10-02
281474998973930,2235,60150,16:42:30,24363,6:46:03,MeLi Dedicado SD05,EC-05,2026-10-02
281474998973943,2202,31181,8:39:41,64334,17:52:14,Circuitos,EC-03,2026-10-02
281474998976464,1908,19900,5:31:40,67563,18:46:03,Circuitos,EC-03,2026-10-02
281474998987931,1838,44736,12:25:36,35503,9:51:43,Liverpool Local,EC-01,2026-10-02
281474998989957,1839,46635,12:57:15,0,0:00:00,Liverpool Local,EC-01,2026-10-02
281474999030748,1855,0,0:00:00,108997,"1 day, 6:16:37",,,2026-10-02
281474999112342,2298,2740,0:45:40,100475,"1 day, 3:54:35",MeLi Dedicado TD05,EC-05,2026-10-02
281474999367751,1823,58024,16:07:04,11087,3:04:47,Liverpool Local,EC-01,2026-10-02
281474999963332,1889,67890,18:51:30,0,0:00:00,Liverpool Local,EC-01,2026-10-02
281475000205323,2236,0,0:00:00,108997,"1 day, 6:16:37",MeLi Dedicado TD05,EC-05,2026-10-02
281475000205345,2244,0,0:00:00,108997,"1 day, 6:16:37",MeLi Dedicado TD05,EC-05,2026-10-02
281475000205400,2241,0,0:00:00,108997,"1 day, 6:16:37",MeLi Dedicado TD05,EC-05,2026-10-02
281475000205408,2243,29221,8:07:01,58920,16:22:00,Meli Dedicado SD06,EC-06,2026-10-02
281475001066492,2204,22376,6:12:56,71691,19:54:51,Wm Backhaul,EC-08,2026-10-02
281475001066501,2216,43533,12:05:33,27632,7:40:32,Walmart Full SC,EC-08,2026-10-02
281475001066511,2214,26874,7:27:54,58828,16:20:28,Walmart Full SC,EC-08,2026-10-02
281475001237818,2219,18431,5:07:11,82491,22:54:51,Walmart Full SC,EC-08,2026-10-02
281475001270487,1811,41600,11:33:20,42189,11:43:09,Walmart Sencillo SC,EC-08,2026-10-02
281475001749375,2233,64625,17:57:05,0,0:00:00,Pilgrims Tepo,EC-02,2026-10-02
281475001835807,2247,0,0:00:00,108997,"1 day, 6:16:37",Meli Dedicado TD06,EC-06,2026-10-02
281475001835893,2246,64291,17:51:31,22447,6:14:07,MeLi Dedicado TD05,EC-05,2026-10-02
281475001835998,2253,45536,12:38:56,47791,13:16:31,MeLi Dedicado SD05,EC-05,2026-10-02
281475001836235,2242,47885,13:18:05,46262,12:51:02,MeLi Dedicado TD05,EC-05,2026-10-02
281475001901208,DC01,6385,1:46:25,78033,21:40:33,Sayer Patios y T.,EC-04,2026-10-02
281475002212999,2252,35776,9:56:16,54441,15:07:21,MeLi Dedicado TD05,EC-05,2026-10-02
281475002213030,2250,46545,12:55:45,44474,12:21:14,Meli Dedicado TD06,EC-06,2026-10-02
281475002213083,2251,527,0:08:47,98378,"1 day, 3:19:38",MeLi Dedicado TD05,EC-05,2026-10-02
281475002213112,2254,55231,15:20:31,48283,13:24:43,Meli Dedicado TD06,EC-06,2026-10-02
281475002213191,2248,0,0:00:00,108997,"1 day, 6:16:37",MeLi Dedicado SD05,EC-05,2026-10-02
281475002213602,2249,55003,15:16:43,33238,9:13:58,Meli Dedicado TD06,EC-06,2026-10-02
281475002393138,"Deactivated, Previously paired with gateway G6XD6P83T4",0,0:00:00,108997,"1 day, 6:16:37",,,2026-10-02
281475002452588,"Deactivated, Previously paired with gateway GXAK3APJE5",0,0:00:00,108997,"1 day, 6:16:37",,,2026-10-02
281475002521694,2256,78448,21:47:28,16225,4:30:25,Meli Dedicado TD06,EC-06,2026-10-02
281475002787258,2262,78875,21:54:35,14758,4:05:58,MeLi Dedicado SD05,EC-05,2026-10-02
281475002787445,2261,26303,7:18:23,56700,15:45:00,Meli Dedicado SD06,EC-06,2026-10-02
281475002787602,2259,4768,1:19:28,99779,"1 day, 3:42:59",Meli Dedicado SD06,EC-06,2026-10-02
281475002841876,2263,0,0:00:00,108997,"1 day, 6:16:37",MeLi Dedicado SD05,EC-05,2026-10-02
281475002841930,2271,29816,8:16:56,52245,14:30:45,MeLi Dedicado TD05,EC-05,2026-10-02
281475002844912,2260,13376,3:42:56,92561,"1 day, 1:42:41",MeLi Dedicado SD05,EC-05,2026-10-02
281475003104194,2267,36553,10:09:13,60408,16:46:48,Meli Dedicado SD06,EC-06,2026-10-02
281475003117613,2268,52488,14:34:48,15585,4:19:45,Meli Dedicado SD06,EC-06,2026-10-02
281475003133463,2269,49006,13:36:46,24448,6:47:28,Meli Dedicado SD06,EC-06,2026-10-02
281475003133473,2270,0,0:00:00,108997,"1 day, 6:16:37",Meli Dedicado SD06,EC-06,2026-10-02
281475003163929,2278,28164,7:49:24,68819,19:06:59,Pipas,EC-02,2026-10-02
281475003163951,2280,9784,2:43:04,95866,"1 day, 2:37:46",Pasa,EC-02,2026-10-02
281475003301509,2276,85951,23:52:31,21426,5:57:06,Pipas,EC-02,2026-10-02
281475003677700,2277,41821,11:37:01,38482,10:41:22,Pipas,EC-02,2026-10-02
281475003914170,2289,21552,5:59:12,70042,19:27:22,Conductores,EC-10,2026-10-02
281475003914194,2288,114,0:01:54,108882,"1 day, 6:14:42",,,2026-10-02
281475003914212,2287,6991,1:56:31,94971,"1 day, 2:22:51",Mabe Componentes,EC-10,2026-10-02
281475004059089,2294,0,0:00:00,108997,"1 day, 6:16:37",Conductores,EC-10,2026-10-02
281475004059112,2292,33402,9:16:42,50306,13:58:26,Conductores,EC-10,2026-10-02
281475004059246,2291,30330,8:25:30,47679,13:14:39,Conductores,EC-10,2026-10-02
281475004897224,2307,46752,12:59:12,48966,13:36:06,Circuitos,EC-03,2026-10-02
281475004897243,2310,9312,2:35:12,98106,"1 day, 3:15:06",Circuitos,EC-03,2026-10-02
281475005103208,2302,52278,14:31:18,50559,14:02:39,MeLi Dedicado TD05,EC-05,2026-10-02
281475005103220,2303,0,0:00:00,108997,"1 day, 6:16:37",MeLi Dedicado SD05,EC-05,2026-10-02
281475005283519,2309,42402,11:46:42,27349,7:35:49,Circuitos,EC-03,2026-10-02
281475005283576,2304,2542,0:42:22,105767,"1 day, 5:22:47",MeLi Dedicado SD05,EC-05,2026-10-02
281475005283601,2308,22488,6:14:48,56460,15:41:00,Circuitos,EC-03,2026-10-02
281475005412555,2315,0,0:00:00,108997,"1 day, 6:16:37",,,2026-10-02
281475005412571,2312,0,0:00:00,108997,"1 day, 6:16:37",,,2026-10-02
281475005412599,2314,1707,0:28:27,107289,"1 day, 5:48:09",,,2026-10-02
281475005412640,2311,0,0:00:00,108997,"1 day, 6:16:37",,,2026-10-02
281475005665616,2318,0,0:00:00,108997,"1 day, 6:16:37",,,2026-10-02
281475005665645,2320,0,0:00:00,108997,"1 day, 6:16:37",,,2026-10-02
281475005665670,2319,0,0:00:00,108997,"1 day, 6:16:37",,,2026-10-02
281475005665676,2316,0,0:00:00,108997,"1 day, 6:16:37",,,2026-10-02
281475005665686,2317,8383,2:19:43,98404,"1 day, 3:20:04",,,2026-10-02
281475006004941,2325,0,0:00:00,108997,"1 day, 6:16:37",,,2026-10-02
281475006004950,2324,268,0:04:28,106607,"1 day, 5:36:47",,,2026-10-02
281475006004963,2323,1470,0:24:30,107526,"1 day, 5:52:06",,,2026-10-02
281475006004980,2322,1505,0:25:05,107492,"1 day, 5:51:32",,,2026-10-02
281475006004991,2321,0,0:00:00,108997,"1 day, 6:16:37",,,2026-10-02
281475006935246,"Deactivated, Previously paired with gateway GCCXMFNFJW",0,0:00:00,108997,"1 day, 6:16:37",,,2026-10-02
281475006940107,"Deactivated, Previously paired with gateway GA7EDGPRXH",0,0:00:00,108997,"1 day, 6:16:37",,,2026-10-02
281475006940928,"Deactivated, Previously paired with gateway GCEXSEBYGF",0,0:00:00,108997,"1 day, 6:16:37",,,2026-10-02
